city,lat,lon,score,ramo,uf
Cidade_1,-21.48963380765752,-35.72369795356433,1,Varejo,PB
Cidade_2,-15.809466965926347,-47.14627641320207,3,Varejo,SC
Cidade_3,-21.43433639837346,-62.81325607110587,1,Saúde,RJ
Cidade_4,-11.848343628595813,-60.11376921311117,4,Alimentação,MA
Cidade_5,-17.502534975944425,-39.495256695901354,3,Educação,MS
Cidade_6,-18.59170149947348,-59.490485822396806,4,Serviços,AM
Cidade_7,-31.848776209330204,-60.628238205650874,3,Varejo,PA
Cidade_8,-15.023352588718367,-49.86372381225516,4,Varejo,RJ
Cidade_9,-29.07785702672312,-44.7727884458773,2,Educação,GO
Cidade_10,-28.270795038225103,-65.72409007153996,2,Alimentação,AL
Cidade_11,-25.57547596855293,-71.67045790253647,2,Varejo,RR
Cidade_12,1.0848889219104834,-63.44377103726683,2,Educação,RJ
Cidade_13,-0.8347707312549772,-38.21787530205039,2,Varejo,BA
Cidade_14,-10.99972761409601,-42.34204418388974,1,Educação,SC
Cidade_15,-32.518666159397185,-44.820563866196835,4,Varejo,MT
Cidade_16,-16.314766573964913,-38.6542364276541,3,Educação,BA
Cidade_17,-17.395986350357322,-46.156967296899104,3,Alimentação,PA
Cidade_18,-26.020539318398413,-58.10271934649448,4,Educação,RJ
Cidade_19,-18.20054043972345,-60.82675817545647,3,Luxo,AC
Cidade_20,-16.987104720178415,-45.423745324684695,3,Serviços,MA
Cidade_21,-19.964784604409743,-56.82983273130453,4,Alimentação,SE
Cidade_22,-3.307242075588899,-66.53123783735488,2,Educação,DF
Cidade_23,-18.09019940326173,-47.97023762426835,2,Educação,MT
Cidade_24,-21.532011561108497,-50.693508547345516,1,Serviços,RS
Cidade_25,-20.21505356716595,-58.69857829430296,2,Serviços,RS
Cidade_26,4.402591224987788,-59.75608288836562,4,Alimentação,SC
Cidade_27,-4.182571874584347,-59.192385391209264,3,Varejo,SP
Cidade_28,-31.50403722045026,-34.15744217031502,3,Saúde,PI
Cidade_29,-21.40145364703789,-59.758983504016605,3,Varejo,DF
Cidade_30,4.229826594776917,-61.79437234337466,2,Educação,PB
Cidade_31,-2.637065663125785,-64.86631405189378,3,Educação,TO
Cidade_32,-25.06409894605318,-36.92085260895576,4,Alimentação,AL
Cidade_33,1.4506971960497665,-37.363969151919896,1,Educação,RN
Cidade_34,-8.689329642433652,-54.729112317210756,3,Educação,AC
Cidade_35,-32.19629329221428,-62.64201179961356,4,Saúde,MT
Cidade_36,-32.67381705546262,-72.2074034173291,4,Educação,AL
Cidade_37,-18.509246789315775,-46.71319878551922,4,Serviços,PR
Cidade_38,-4.557576736128926,-55.37526753305515,2,Varejo,PI
Cidade_39,-16.1226283560778,-61.85572216255892,3,Serviços,PR
Cidade_40,-9.62229834990099,-58.82202710650688,4,Serviços,RR
Cidade_41,-25.656109813284395,-59.037798592730326,2,Educação,RS
Cidade_42,-8.607538140598244,-39.40138619728755,4,Saúde,CE
Cidade_43,-28.17498192289503,-35.43839052230921,3,Saúde,GO
Cidade_44,-19.611006969206557,-36.45177318010788,4,Serviços,AL
Cidade_45,-6.366879228774014,-47.27999555163525,2,Alimentação,GO
Cidade_46,-16.880642727794637,-69.89711336346451,2,Serviços,RJ
Cidade_47,-8.989894994276309,-60.22651870421951,3,Serviços,AC
Cidade_48,-28.240726236904088,-40.778142465671245,2,Saúde,ES
Cidade_49,-3.617002334747486,-64.83050766407045,1,Varejo,RJ
Cidade_50,-32.09422609251333,-52.13234789172718,1,Varejo,SP
Cidade_51,-24.760211699678536,-69.54629587017531,3,Alimentação,MA
Cidade_52,-23.181863931310055,-71.73381228711283,3,Educação,AP
Cidade_53,-7.959847230745613,-44.09132430448396,4,Educação,RN
Cidade_54,-6.416466355131966,-40.141847861614565,2,Educação,RN
Cidade_55,-27.109355735492734,-66.205375484199,4,Educação,RO
Cidade_56,-30.46308945829837,-35.95656618474007,1,Varejo,SP
Cidade_57,-26.912242515531005,-37.399923103364785,2,Luxo,ES
Cidade_58,-29.7006311071438,-63.38295649732332,1,Saúde,PI
Cidade_59,-12.855510314746478,-66.94360994946345,1,Varejo,RS
Cidade_60,-7.399609441778498,-59.47729775548903,3,Luxo,SE
Cidade_61,2.4625792182784636,-49.482073964635504,2,Varejo,PR
Cidade_62,1.4805125911532144,-69.43630468722978,3,Serviços,RJ
Cidade_63,-14.974607370229446,-72.68779274371556,3,Serviços,BA
Cidade_64,-4.768327697622453,-54.927170940339195,4,Serviços,SE
Cidade_65,1.990083865277704,-56.41363224309226,4,Educação,RO
Cidade_66,-21.630746727729605,-35.452201636953184,1,Luxo,MA
Cidade_67,-14.261544775749858,-46.74002855905459,3,Alimentação,AC
Cidade_68,1.1398794773090728,-45.1563923937071,2,Saúde,AM
Cidade_69,-31.649329036053018,-37.87245576296914,2,Alimentação,BA
Cidade_70,-6.431826284014903,-39.184712662648465,2,Alimentação,PI
Cidade_71,-2.2373280107599953,-57.3413526290672,4,Educação,RJ
Cidade_72,-10.205628847538968,-51.8845409798229,1,Educação,SP
Cidade_73,3.781805954305703,-72.21222773839244,3,Luxo,PR
Cidade_74,-6.852981461910499,-58.419507488389435,3,Varejo,DF
Cidade_75,0.7663968670042038,-64.53707430578078,2,Serviços,AC
Cidade_76,-11.180270350151133,-72.96307815427748,2,Serviços,CE
Cidade_77,1.5143005462236445,-68.72465328991476,2,Saúde,PA
Cidade_78,-11.574837366683333,-44.56936005531333,3,Saúde,TO
Cidade_79,-3.602912776691362,-59.04672282255824,3,Alimentação,DF
Cidade_80,-27.02425250725277,-61.507553552718285,4,Varejo,PE
Cidade_81,-9.15690470995349,-65.24562259298658,2,Varejo,SC
Cidade_82,-21.63717354616412,-60.34706606125418,1,Varejo,TO
Cidade_83,-29.13962667611157,-66.41850445763089,1,Serviços,RS
Cidade_84,4.523623351299285,-45.70191825558834,1,Serviços,ES
Cidade_85,-18.16785457658849,-64.58826910962051,3,Serviços,TO
Cidade_86,-31.495053070908348,-53.67569390663648,3,Alimentação,PR
Cidade_87,-32.83906601595264,-34.701775922221366,1,Serviços,ES
Cidade_88,-5.6004093870709255,-55.98432490524662,4,Varejo,AC
Cidade_89,-24.05851685807326,-68.66258587725197,2,Serviços,SP
Cidade_90,-5.157950714766191,-57.09471529845936,3,Saúde,GO
Cidade_91,-28.188269136709906,-35.60504872930259,4,Saúde,DF
Cidade_92,0.621736237173323,-51.88411928324358,1,Saúde,PI
Cidade_93,-11.836780659811396,-63.033482477887546,4,Alimentação,PE
Cidade_94,-28.151320913934804,-67.26838281439433,1,Alimentação,AM
Cidade_95,-10.161179810624244,-54.148503877282074,3,Educação,RJ
Cidade_96,-31.035533562570222,-56.16823122617326,1,Serviços,SE
Cidade_97,-25.01104054999019,-54.374008582909454,1,Varejo,PE
Cidade_98,-8.4026645098478,-70.95818716735998,4,Alimentação,PR
Cidade_99,-9.5073723663543,-70.0433871961322,1,Serviços,GO
Cidade_100,-12.113085146464055,-39.12818962674027,1,Varejo,DF
Cidade_101,-27.440505830625522,-65.09040874714998,3,Saúde,SC
Cidade_102,-7.631520040174749,-66.94418253418675,2,Saúde,MG
Cidade_103,-23.842432531068972,-62.56940233429411,4,Serviços,PB
Cidade_104,-11.80131942443209,-43.75285655059766,3,Serviços,AL
Cidade_105,-4.015500756008446,-55.140807454074455,4,Serviços,RR
Cidade_106,-17.47674815816271,-68.18713458609896,3,Varejo,AL
Cidade_107,-4.030837838764231,-71.95241286437391,2,Alimentação,PE
Cidade_108,-14.510369388138642,-46.99603707496309,3,Alimentação,SC
Cidade_109,-19.915570082613915,-47.868130033270404,1,Alimentação,PR
Cidade_110,-10.424564002834448,-50.58997200162042,1,Educação,GO
Cidade_111,-10.782651993406137,-50.17020760675959,3,Alimentação,RJ
Cidade_112,-30.45645480681733,-35.23632537572242,4,Varejo,RS
Cidade_113,-9.498377512829506,-42.05210926871197,1,Educação,RO
Cidade_114,-8.79152947402816,-61.91326732376497,3,Saúde,SP
Cidade_115,-27.940147862936946,-66.71343972029868,3,Educação,AC
Cidade_116,-27.1129983416079,-70.01850690707438,1,Varejo,BA
Cidade_117,-16.090522353381846,-47.28802294722749,4,Alimentação,MA
Cidade_118,2.739411746594193,-47.6344383219507,1,Alimentação,GO
Cidade_119,-13.965437077791545,-62.03434037111914,1,Saúde,SP
Cidade_120,-9.62401531696512,-72.25199498953128,3,Serviços,TO
Cidade_121,-19.600654186246434,-58.3333786245452,4,Varejo,PR
Cidade_122,1.2277951590232732,-47.450402497001356,4,Saúde,RS
Cidade_123,-14.178302806907809,-52.60945266103571,3,Educação,PE
Cidade_124,-3.8784863084648222,-52.231068651022966,3,Serviços,DF
Cidade_125,-9.175318493208046,-38.48032273388438,3,Alimentação,AP
Cidade_126,-10.072180436705466,-36.098344909340895,1,Alimentação,SE
Cidade_127,-24.217362251964605,-41.190166996594975,1,Serviços,PB
Cidade_128,-29.2729048268284,-63.198836902761684,1,Luxo,PA
Cidade_129,-2.416088667887898,-51.98361397989434,3,Varejo,GO
Cidade_130,-18.68667477677433,-43.626347155483145,3,Varejo,GO
Cidade_131,-4.88766218717247,-39.444149304481705,4,Luxo,DF
Cidade_132,-29.009229331070237,-50.36278732565487,1,Serviços,DF
Cidade_133,-30.29020765819382,-40.14319930330937,2,Serviços,PB
Cidade_134,-0.3490781069544866,-73.03890453631513,2,Varejo,SC
Cidade_135,-20.47078313968752,-36.36420233934285,3,Alimentação,SE
Cidade_136,-21.192813977763027,-72.75311587100501,2,Educação,CE
Cidade_137,-15.68870316309113,-57.80154073366374,2,Varejo,RJ
Cidade_138,-11.090611180468407,-37.34053662701316,1,Educação,PR
Cidade_139,-2.568428651111997,-62.58498714629128,1,Luxo,AL
Cidade_140,-19.741504928271677,-45.875151373591194,3,Luxo,MA
Cidade_141,-3.7865953722826546,-67.99036249858878,3,Educação,SE
Cidade_142,-20.11936079342729,-72.36219570695775,4,Serviços,PB
Cidade_143,-13.825732346411439,-41.66514500328449,2,Educação,TO
Cidade_144,-6.335734948729559,-40.21491251412697,3,Saúde,BA
Cidade_145,-17.51076558950351,-45.96492443547301,2,Varejo,DF
Cidade_146,1.8536724038247456,-44.49515741994297,1,Luxo,RN
Cidade_147,1.3578470486782805,-46.05581651321549,2,Alimentação,DF
Cidade_148,-3.641452863318815,-48.73562116316264,3,Alimentação,DF
Cidade_149,-23.859411768323135,-56.875812040022865,3,Alimentação,MG
Cidade_150,-20.94102394899189,-35.81682216528593,4,Serviços,TO
Cidade_151,-0.8874725324849635,-45.59753544943977,3,Luxo,BA
Cidade_152,-10.588856635703007,-63.42158524200612,1,Alimentação,PA
Cidade_153,1.8143429425883824,-38.73055928807847,1,Saúde,RS
Cidade_154,-1.7283256253549446,-69.74827748286513,3,Varejo,RS
Cidade_155,-29.288228766614605,-43.0856209382701,2,Luxo,RN
Cidade_156,-20.739435384323144,-60.26627207739833,2,Serviços,RO
Cidade_157,-19.759054961569703,-73.96810965492045,1,Varejo,SP
Cidade_158,-26.81090026862307,-63.184545740581,1,Alimentação,PI
Cidade_159,-23.04287308863521,-62.49110371869676,4,Varejo,CE
Cidade_160,-32.778191197643814,-56.915734727722814,4,Alimentação,MS
Cidade_161,-4.1989480500729215,-35.62101155407371,4,Serviços,AL
Cidade_162,-12.109093577896349,-37.55438750270954,4,Educação,RN
Cidade_163,-5.1346162372059325,-59.75903624065926,4,Alimentação,CE
Cidade_164,-12.101827546805321,-40.144606955129504,4,Varejo,PA
Cidade_165,-22.45346231448438,-55.592080085373134,3,Luxo,TO
Cidade_166,-22.249480569762355,-60.521805119483446,1,Educação,SE
Cidade_167,-19.437705348348487,-50.68263743766463,3,Serviços,CE
Cidade_168,0.4034274203142516,-41.98246026043016,4,Luxo,PB
Cidade_169,-14.29843469704074,-40.72021937256169,1,Varejo,AP
Cidade_170,-27.877798920500886,-66.43916255800536,3,Luxo,ES
Cidade_171,-20.465644451864993,-36.8320758032497,4,Saúde,PE
Cidade_172,1.2808587730037786,-41.04506963153665,4,Varejo,AL
Cidade_173,-15.899326072969288,-62.461188894294196,4,Serviços,MG
Cidade_174,3.9338670262602733,-60.51121759992668,1,Varejo,MS
Cidade_175,-13.350193760637957,-64.99048910022155,2,Educação,AL
Cidade_176,3.227142261333846,-52.36653438295869,4,Alimentação,PR
Cidade_177,1.611171515183159,-40.9730453448057,2,Serviços,RR
Cidade_178,-28.043918988575466,-55.95962797603124,2,Varejo,DF
Cidade_179,-1.8589581402455302,-62.33611175198942,2,Serviços,PA
Cidade_180,-32.902948036400055,-35.19206903934798,4,Varejo,CE
Cidade_181,-14.009287331081843,-55.51490710983879,4,Luxo,RR
Cidade_182,-31.844316348796607,-66.07110791143394,1,Educação,SE
Cidade_183,-19.717482741814006,-69.47701439812595,4,Alimentação,PE
Cidade_184,-6.609619274477293,-36.6795675824222,2,Varejo,SP
Cidade_185,-7.248977670302541,-48.07594622196988,4,Luxo,RS
Cidade_186,-5.904802284897446,-59.00151066094824,2,Alimentação,PE
Cidade_187,-13.00056573094836,-61.68415761191753,2,Serviços,RR
Cidade_188,-9.503193099273346,-42.72517223023611,1,Educação,PA
Cidade_189,-30.509096672008344,-58.6155216671322,4,Alimentação,RS
Cidade_190,-8.111734429426996,-69.02471856498273,3,Varejo,AC
Cidade_191,-28.08064584565575,-46.141714977105444,4,Varejo,ES
Cidade_192,-1.2430249892239225,-47.112806827033516,4,Serviços,RN
Cidade_193,-19.17526657831288,-44.718591726297404,3,Varejo,RJ
Cidade_194,3.518802583734775,-44.119816970115465,4,Luxo,SC
Cidade_195,-20.693614361457925,-63.166599411534904,3,Serviços,MS
Cidade_196,-18.157266704751738,-64.58961141671134,4,Saúde,DF
Cidade_197,-32.17972903172133,-34.278862066660636,2,Varejo,RS
Cidade_198,-21.516290122671275,-61.42843067642497,2,Serviços,AC
Cidade_199,-3.499150954233361,-41.232589373478504,2,Educação,SC
Cidade_200,-5.341901170832905,-35.218968994753396,4,Alimentação,AP
Cidade_201,-12.798131175818181,-44.14831335281279,2,Alimentação,BA
Cidade_202,-1.8749690207773568,-73.0141251134261,2,Alimentação,PA
Cidade_203,-19.523322562001958,-49.661012478203745,3,Varejo,ES
Cidade_204,-26.95573558953387,-51.39365504684909,3,Saúde,AL
Cidade_205,-8.459035130542325,-64.31184869726361,2,Educação,ES
Cidade_206,1.3819436940115182,-62.95043844017313,2,Serviços,SP
Cidade_207,-29.447308952569305,-50.04281935179729,3,Serviços,RN
Cidade_208,-19.81573685033274,-66.56503283329113,1,Varejo,RR
Cidade_209,-30.366442682440148,-71.04001986222403,2,Varejo,RS
Cidade_210,3.7020844274712914,-58.26797496680305,4,Saúde,PE
Cidade_211,-25.760077181326558,-38.132256885829506,3,Luxo,RS
Cidade_212,-6.1509612860893945,-73.74261521064808,2,Varejo,SE
Cidade_213,3.9402571368651635,-54.32237344345736,1,Serviços,RR
Cidade_214,-30.174478226684048,-55.01823526146447,3,Alimentação,BA
Cidade_215,-9.792821079126988,-69.81107729810462,3,Serviços,MS
Cidade_216,-3.1208071890098807,-49.454627004948435,2,Serviços,TO
Cidade_217,-20.367949902761758,-37.967044262395035,2,Luxo,AP
Cidade_218,-0.8831345090616054,-46.16544676824812,2,Serviços,AM
Cidade_219,-5.814652433042053,-72.97078566504254,1,Varejo,RS
Cidade_220,-0.003047207237827365,-38.496546749972275,1,Educação,RS
Cidade_221,-7.726460064322698,-57.825024917305946,1,Varejo,RN
Cidade_222,-18.4293741584233,-68.14013056795841,2,Serviços,BA
Cidade_223,-6.225549004089945,-63.18808201052218,1,Luxo,AC
Cidade_224,-24.27735004860464,-73.7570769457993,4,Alimentação,PI
Cidade_225,-27.471660769082288,-70.43472941879001,4,Alimentação,DF
Cidade_226,-29.80031444882486,-54.647970652038694,1,Alimentação,RJ
Cidade_227,2.8574333241446226,-46.805481806452974,3,Serviços,MA
Cidade_228,-17.465219078109495,-59.39512265170433,1,Luxo,SC
Cidade_229,-0.4286388276295696,-46.242111892941416,3,Varejo,MT
Cidade_230,-1.4942663289877665,-42.84253213249721,1,Luxo,RJ
Cidade_231,-0.12583423477733646,-55.29715953477765,3,Varejo,CE
Cidade_232,-6.892053453487286,-65.92277782209433,2,Serviços,SE
Cidade_233,-19.73599166690816,-70.72825186489844,4,Varejo,SE
Cidade_234,-21.61978515118947,-73.23654928735564,1,Varejo,CE
Cidade_235,-6.6693132281856755,-62.53788899475008,1,Varejo,PI
Cidade_236,-20.777049797213454,-38.75518088357469,3,Serviços,PE
Cidade_237,-8.257689334970188,-70.2812764006653,2,Alimentação,SE
Cidade_238,-13.359084580517482,-42.14079812435149,2,Varejo,AP
Cidade_239,-4.844730532996767,-53.74955635960067,3,Serviços,RJ
Cidade_240,-25.4624930831532,-47.897509128858246,2,Serviços,DF
Cidade_241,-6.198658505784657,-41.71601845460787,1,Alimentação,RS
Cidade_242,-25.76342420499642,-65.71027006147435,3,Saúde,AP
Cidade_243,4.499983603744553,-42.42480204068863,3,Luxo,RS
Cidade_244,-26.05671928774562,-42.943858746682395,2,Educação,CE
Cidade_245,-19.319611634014237,-64.96824702676895,3,Serviços,AM
Cidade_246,-24.55845489751787,-63.69510138678053,1,Saúde,RR
Cidade_247,4.570281031613931,-60.76156251979153,3,Serviços,RR
Cidade_248,-16.866929489249966,-73.80077885005612,1,Serviços,RJ
Cidade_249,-14.741299622260136,-40.40544990680016,3,Luxo,RJ
Cidade_250,-9.373063453723578,-65.37829700169792,1,Saúde,PB
Cidade_251,-5.831777684068008,-52.01757927142707,2,Serviços,PE
Cidade_252,-6.610185402658942,-73.86208797023191,4,Alimentação,AM
Cidade_253,-22.8941625637286,-51.63344450734131,4,Luxo,SE
Cidade_254,-18.189926337819557,-73.81620119714366,4,Alimentação,PA
Cidade_255,2.9495331103603775,-63.68947320383909,2,Educação,PA
Cidade_256,-25.966593241605683,-68.37013123660626,4,Serviços,MS
Cidade_257,-19.122679176749237,-73.3779941820343,4,Educação,RJ
Cidade_258,-0.31043627063368007,-61.197768476385534,2,Serviços,PE
Cidade_259,-10.116088705010416,-73.80087836763067,2,Educação,SE
Cidade_260,-19.254156235648075,-57.067232541178946,2,Alimentação,BA
Cidade_261,-16.053827822682305,-47.91306257919726,3,Alimentação,SE
Cidade_262,-28.359155577590577,-59.627236551226076,3,Educação,BA
Cidade_263,-25.105153722306035,-50.74868662397352,3,Alimentação,GO
Cidade_264,4.8057500156965745,-63.37442409299864,4,Varejo,PI
Cidade_265,-13.953552931802992,-44.6739291155182,3,Alimentação,SC
Cidade_266,-29.23180015018543,-51.853906749594195,1,Varejo,PI
Cidade_267,-21.42040359165781,-60.13474124710489,1,Saúde,SE
Cidade_268,-25.651638076829315,-38.52657979097397,4,Varejo,AC
Cidade_269,-31.13785516709415,-71.67912376724298,2,Varejo,CE
Cidade_270,4.010566475116391,-39.44960844885904,4,Luxo,PR
Cidade_271,-20.841721722721516,-53.05003805975724,3,Varejo,PI
Cidade_272,2.5358035338218414,-58.3990903413367,3,Serviços,PI
Cidade_273,-20.47201316327173,-48.61958429355734,2,Saúde,RR
Cidade_274,2.63371996814422,-49.9945575886597,4,Alimentação,SE
Cidade_275,-13.906613077453219,-46.782048787501445,2,Varejo,RN
Cidade_276,-18.626151010710302,-37.35760254964287,3,Luxo,MS
Cidade_277,-19.468795328535982,-47.76841598193688,1,Luxo,AL
Cidade_278,-16.90174571307874,-60.944114487401244,2,Educação,SE
Cidade_279,-13.484713415690603,-72.71941703107947,1,Serviços,RN
Cidade_280,-23.200666013840696,-63.56883178573755,3,Educação,PA
Cidade_281,-16.226054006831667,-36.160065265586255,1,Varejo,SE
Cidade_282,-24.994485253751932,-60.70011183136146,2,Serviços,AC
Cidade_283,-6.867191563002542,-65.52707523916976,2,Alimentação,RN
Cidade_284,-18.545923849476438,-46.4789582078142,3,Varejo,SP
Cidade_285,-3.7185877554801046,-37.61686023161786,3,Varejo,TO
Cidade_286,-25.384603741390873,-62.3770125027759,1,Varejo,RJ
Cidade_287,-0.9992395376353898,-42.28910687487347,1,Saúde,GO
Cidade_288,0.5930521248930773,-63.68119222425673,1,Serviços,SP
Cidade_289,1.0273270921405313,-64.1217682438384,2,Varejo,AP
Cidade_290,-0.4444166492132098,-63.94990819006793,2,Serviços,AP
Cidade_291,-31.896318020494334,-65.04767103050754,4,Varejo,AP
Cidade_292,-3.8423044397120343,-64.69587480605482,4,Varejo,SP
Cidade_293,-32.92639792583055,-39.54682165980053,1,Luxo,SP
Cidade_294,-23.593101556236256,-68.35229562027655,3,Serviços,RR
Cidade_295,-27.15007941857451,-68.26333538372131,1,Serviços,TO
Cidade_296,-14.866072905960106,-60.28604351259166,3,Alimentação,TO
Cidade_297,-8.77571004381159,-73.00154136936162,4,Luxo,RJ
Cidade_298,-32.93132325591449,-72.50429090468768,4,Saúde,PB
Cidade_299,-0.2492730509598431,-52.86445759176871,4,Alimentação,AL
Cidade_300,-9.001934907558105,-58.90148607462126,1,Alimentação,MT
Cidade_301,-8.162047952568162,-72.04588997472926,4,Serviços,DF
Cidade_302,-32.806450604201665,-59.93815533543096,4,Varejo,AP
Cidade_303,-23.364040772365463,-62.30815879745539,1,Varejo,RJ
Cidade_304,-31.72786409520543,-67.91857783417427,4,Saúde,AP
Cidade_305,-31.843348217620175,-41.121863183698295,1,Educação,RJ
Cidade_306,-0.5972200569475916,-60.7735642588964,4,Alimentação,RJ
Cidade_307,-30.29383263937681,-49.34067362627965,2,Alimentação,SC
Cidade_308,-2.3784771228623143,-38.48690915176593,4,Serviços,MT
Cidade_309,-22.502320463793026,-36.49422808470952,1,Alimentação,DF
Cidade_310,4.480895996093167,-57.995818729906865,1,Alimentação,AP
Cidade_311,-26.545486256186553,-69.46717084336537,4,Varejo,CE
Cidade_312,-14.780947510424262,-44.47781347663653,3,Varejo,RR
Cidade_313,-27.925514385996248,-41.97193358436812,1,Varejo,RO
Cidade_314,-28.290234274474646,-47.258124604490405,3,Luxo,TO
Cidade_315,-11.972221815167348,-60.882064146930475,1,Varejo,RJ
Cidade_316,4.766363666728402,-39.09744748459144,2,Varejo,PE
Cidade_317,-12.518375397438692,-67.73599081200068,3,Alimentação,BA
Cidade_318,-32.34895094745657,-59.59824736392061,4,Serviços,PA
Cidade_319,2.5961307033268994,-55.380435312713914,3,Alimentação,AC
Cidade_320,-10.44346818569058,-35.352918676413694,3,Varejo,AC
Cidade_321,3.598361190003203,-58.3632551507708,1,Alimentação,MG
Cidade_322,-22.404780413877745,-47.88597187779725,4,Varejo,RO
Cidade_323,-25.041320938203334,-58.8328099601585,2,Educação,RS
Cidade_324,-7.26375632583029,-55.09927798402583,1,Alimentação,DF
Cidade_325,-17.65913974800994,-37.36216798204846,1,Alimentação,SP
Cidade_326,-19.86777898533589,-68.3524570941974,3,Alimentação,RR
Cidade_327,-27.26637648709452,-69.20232519161665,4,Serviços,PB
Cidade_328,-21.83708811580443,-46.90209584208378,1,Varejo,CE
Cidade_329,-12.373519391888664,-61.75429342599481,3,Saúde,PR
Cidade_330,-16.73453768696889,-63.381085580582955,3,Serviços,MS
Cidade_331,-4.501317244385582,-56.30655467223232,1,Serviços,TO
Cidade_332,-15.11778934408419,-67.91744159497475,3,Alimentação,MT
Cidade_333,-29.107305220766065,-61.21785320208534,3,Educação,PA
Cidade_334,4.313614394213957,-55.44969699674917,3,Varejo,RN
Cidade_335,-7.91441680389531,-41.252751065981606,4,Saúde,AC
Cidade_336,-18.35822061597836,-63.6156632530907,3,Varejo,RJ
Cidade_337,3.5371861948201584,-49.3317612289818,1,Luxo,PR
Cidade_338,-8.680843006357644,-69.08894088408415,1,Varejo,MG
Cidade_339,-10.216136666506959,-58.29402608584071,3,Alimentação,AM
Cidade_340,-30.024062423573532,-34.275400461064635,3,Varejo,GO
Cidade_341,4.398803670494992,-69.25858640602371,4,Alimentação,SE
Cidade_342,-22.844955332818135,-44.76945789229235,2,Saúde,AP
Cidade_343,1.7874250783577068,-36.469260383892546,3,Luxo,SC
Cidade_344,-1.344077783833562,-49.44060223234426,4,Educação,MG
Cidade_345,-4.214961919081169,-51.91066269449203,4,Varejo,MA
Cidade_346,-11.510069241597542,-59.40998242569268,4,Serviços,PB
Cidade_347,-21.42100044899614,-47.61935835882048,1,Alimentação,PR
Cidade_348,-27.85285104996336,-67.63615362737049,2,Alimentação,PE
Cidade_349,-0.5198676955353037,-38.8274264617299,3,Educação,DF
Cidade_350,-10.338667130169895,-38.10953345014404,4,Serviços,RS
Cidade_351,-27.385887779572982,-47.72976059108136,3,Luxo,PI
Cidade_352,-1.6861152208623729,-59.699353151783754,3,Serviços,GO
Cidade_353,-6.260778327331373,-57.64315282363755,3,Varejo,PB
Cidade_354,4.017417535743313,-47.83786494393263,2,Educação,MT
Cidade_355,-13.097263959036866,-72.8728174472646,1,Luxo,RR
Cidade_356,-26.409159242376045,-68.40046730409878,3,Saúde,SP
Cidade_357,-29.229664192533782,-55.87005337675803,1,Alimentação,RN
Cidade_358,-20.80649440382345,-43.63280706608114,2,Serviços,AM
Cidade_359,-23.180152296792862,-46.80037166427569,4,Varejo,BA
Cidade_360,-2.0213753933695706,-45.54508930787364,2,Varejo,SC
Cidade_361,-25.68601993760548,-68.92419924940484,3,Serviços,RS
Cidade_362,-9.102873746226813,-40.72322510044966,3,Serviços,PI
Cidade_363,-20.83761169006045,-56.97373797741113,2,Serviços,SE
Cidade_364,-8.09496581391782,-72.33793135451619,1,Alimentação,PB
Cidade_365,-13.32374832495255,-71.47151258204987,1,Alimentação,CE
Cidade_366,0.4810849701316826,-71.00893741433572,2,Luxo,MS
Cidade_367,-20.171575542709682,-49.21475455893659,2,Alimentação,MG
Cidade_368,-13.943880862888761,-64.38377779056032,1,Varejo,MT
Cidade_369,-26.892248824143223,-36.03663770398389,4,Varejo,PB
Cidade_370,4.777452341631303,-55.99098742852516,1,Varejo,BA
Cidade_371,-9.84315110596798,-65.11092578643702,3,Alimentação,SP
Cidade_372,-6.733546046170638,-58.80278456250835,3,Educação,GO
Cidade_373,-17.21443951464685,-63.286083695278705,3,Educação,RN
Cidade_374,-3.713524917921287,-72.73880785927152,3,Luxo,SE
Cidade_375,2.111875074701082,-71.96818898608709,4,Serviços,RS
Cidade_376,-3.445040647167666,-53.85575522315541,3,Serviços,GO
Cidade_377,-23.526363113535297,-41.549000829040814,2,Alimentação,AC
Cidade_378,-3.3000345101474977,-40.71020301729764,4,Varejo,PB
Cidade_379,-23.36352796707604,-42.32632847306007,4,Varejo,AP
Cidade_380,-24.972093734475322,-73.3544861932651,2,Educação,RN
Cidade_381,-24.209248322510966,-55.05853316779737,1,Varejo,GO
Cidade_382,-25.053255117175823,-41.06162274249712,1,Alimentação,RR
Cidade_383,3.3050238468849784,-66.5523691623574,1,Saúde,MA
Cidade_384,-13.640033080030637,-35.198138868581346,1,Alimentação,RO
Cidade_385,-26.9020287886692,-55.20453338348879,4,Saúde,MT
Cidade_386,-5.028720650565372,-61.334133258492884,4,Educação,DF
Cidade_387,0.163914342425997,-47.19254601418298,3,Serviços,RJ
Cidade_388,-2.7200738143036425,-42.37049162818615,4,Varejo,RO
Cidade_389,-13.933695112907472,-43.48470301280828,1,Serviços,DF
Cidade_390,-23.587799309445295,-65.11321511812976,3,Serviços,SE
Cidade_391,3.226044319864968,-54.391630762174636,1,Alimentação,PI
Cidade_392,-2.219571511874147,-52.966291761598356,1,Varejo,PB
Cidade_393,-28.087506071817387,-53.916960231011146,4,Alimentação,AP
Cidade_394,3.715582030254268,-45.185799990752614,3,Educação,DF
Cidade_395,-28.698384721359524,-53.01887972837514,1,Varejo,AC
Cidade_396,-29.107906789205014,-51.354576424440914,1,Serviços,RO
Cidade_397,-3.449505984419286,-51.76354374733722,3,Educação,PE
Cidade_398,-7.013380699348744,-55.01458849589105,3,Luxo,MA
Cidade_399,-8.724791801593561,-40.21063996716491,2,Alimentação,MS
Cidade_400,-1.861257859453218,-49.783639183230264,4,Varejo,CE
Cidade_401,-28.896721356279663,-64.77738590849293,3,Alimentação,PA
Cidade_402,-3.7103755986301152,-55.75203838794068,3,Serviços,PA
Cidade_403,-6.3171998823688185,-43.93981655339472,4,Serviços,AP
Cidade_404,1.278468364691598,-48.139783335311314,2,Varejo,SP
Cidade_405,-30.216175895890775,-37.75527971846346,4,Saúde,RS
Cidade_406,-21.939451734565246,-59.73755310264765,4,Varejo,PR
Cidade_407,-31.796785452253932,-62.07864741590027,1,Varejo,CE
Cidade_408,-32.1999138181825,-39.63708902775967,1,Serviços,AP
Cidade_409,-31.654220195920566,-72.70978717115315,3,Educação,AM
Cidade_410,-29.08228959819876,-42.659769382580905,2,Alimentação,RO
Cidade_411,4.563834259119531,-49.022136348020716,1,Saúde,PB
Cidade_412,-16.84051237559455,-40.09308367095588,4,Serviços,AP
Cidade_413,-5.730017632920237,-64.70333331142022,2,Serviços,DF
Cidade_414,-9.695804122058007,-45.20674386221666,3,Alimentação,GO
Cidade_415,2.299400818317757,-50.95035418116662,4,Serviços,ES
Cidade_416,0.19760529027051632,-50.78356615924936,3,Serviços,RJ
Cidade_417,-6.036701636550696,-65.12782986441772,4,Educação,RO
Cidade_418,-22.38324395414825,-36.4965188406185,2,Serviços,AM
Cidade_419,-9.460378977155951,-42.70898957397336,2,Saúde,MS
Cidade_420,-22.807139725276215,-63.076133631768414,2,Alimentação,AP
Cidade_421,-10.194020677130425,-35.41442287431381,3,Serviços,MG
Cidade_422,-26.19728690227984,-43.61980792631347,1,Alimentação,MT
Cidade_423,-8.175161193250279,-53.99246569814754,3,Saúde,MT
Cidade_424,-22.626260271733628,-50.861146382963796,3,Educação,AC
Cidade_425,0.504034178894301,-68.48278413073626,4,Serviços,MG
Cidade_426,-1.0838472639557324,-46.43523125642178,3,Varejo,MG
Cidade_427,-21.765278533614826,-71.86680713613252,1,Varejo,RS
Cidade_428,-19.564169997662333,-71.5520409909964,2,Varejo,RN
Cidade_429,-10.677209458609365,-64.34071975366608,1,Luxo,PR
Cidade_430,-32.034109109439434,-42.28363115207643,4,Varejo,RJ
Cidade_431,-6.384181486821664,-63.6965914733905,1,Alimentação,SE
Cidade_432,-26.14947636848916,-36.070789078080196,3,Varejo,SP
Cidade_433,-11.62417103792879,-35.483316694535766,2,Alimentação,PI
Cidade_434,-26.804348527682052,-67.80073572926048,4,Alimentação,ES
Cidade_435,-7.674270671734611,-64.77681338674486,3,Saúde,MS
Cidade_436,-15.598706471000028,-43.45558732801898,4,Luxo,AC
Cidade_437,1.4728170814323676,-41.4527532645402,4,Varejo,AC
Cidade_438,-5.19126031043,-58.17013658805992,1,Varejo,SC
Cidade_439,-16.139396622338687,-39.18337343693148,3,Alimentação,GO
Cidade_440,-31.80042746805043,-70.58387553913337,1,Serviços,MA
Cidade_441,-17.01991265804991,-34.39245231395864,4,Saúde,PA
Cidade_442,-32.31255580113523,-50.318960597576705,1,Alimentação,MS
Cidade_443,4.367452953046936,-67.6444090748839,4,Alimentação,MG
Cidade_444,-27.607151683826938,-57.32050412570537,2,Varejo,RO
Cidade_445,-13.522967399781265,-49.91445767543616,2,Varejo,PA
Cidade_446,-2.5908677132830817,-69.97656314391091,1,Varejo,SC
Cidade_447,-2.315485835778773,-64.02954794470566,3,Alimentação,ES
Cidade_448,-27.53328329207443,-45.90653074044822,4,Serviços,AC
Cidade_449,-25.50701949129737,-37.26999739900821,4,Alimentação,AL
Cidade_450,-27.433275138331304,-35.51732628795348,1,Varejo,AC
Cidade_451,4.487635456058236,-65.98090039223356,4,Varejo,SE
Cidade_452,-12.283134154777574,-55.980480466895955,2,Serviços,CE
Cidade_453,-28.127956620317317,-51.943539200808125,2,Varejo,DF
Cidade_454,1.5670783979104996,-37.76484821872254,1,Alimentação,SP
Cidade_455,0.5452605217788502,-59.50019601252568,1,Varejo,RO
Cidade_456,-17.94478939665524,-72.10654335292122,2,Serviços,MS
Cidade_457,-6.541225890941732,-68.18513316025772,2,Luxo,PA
Cidade_458,0.5935299221994796,-46.22327755855402,2,Serviços,MS
Cidade_459,-18.17537092642013,-54.645316986074654,1,Alimentação,SE
Cidade_460,2.892197259825835,-67.38776955521531,4,Educação,PE
Cidade_461,-26.806649735912515,-52.069679224923746,4,Serviços,SC
Cidade_462,-15.057281040627498,-63.48243490121479,2,Saúde,SC
Cidade_463,-5.358162128970996,-64.66335786063044,1,Saúde,PB
Cidade_464,-9.275177779955335,-42.504295023868096,4,Varejo,ES
Cidade_465,-4.4431517651259504,-71.7236091241382,1,Alimentação,SP
Cidade_466,-29.484774141667796,-51.5617894368163,3,Alimentação,SP
Cidade_467,-30.983926659699343,-37.081484016749,2,Luxo,MS
Cidade_468,-24.132488473145067,-57.88976109956941,1,Luxo,AP
Cidade_469,-3.135454129484195,-34.2329486233208,2,Serviços,RO
Cidade_470,-29.44090650126249,-37.27627525490926,4,Alimentação,PI
Cidade_471,4.479942726712338,-37.27902931620023,2,Varejo,CE
Cidade_472,-5.752245428821716,-66.50941152001282,3,Serviços,PR
Cidade_473,-29.066633239519035,-45.053441887049566,4,Luxo,CE
Cidade_474,-25.055855308998026,-45.885504443252806,2,Varejo,PA
Cidade_475,-18.521179249228815,-60.619392802549974,1,Educação,AP
Cidade_476,-24.55817611028003,-36.59026905846798,2,Educação,RS
Cidade_477,-31.042557203997404,-72.11784387488167,3,Serviços,MT
Cidade_478,-10.48320165792964,-66.52118375248656,1,Saúde,AM
Cidade_479,-11.921419275499119,-50.71299588959597,3,Educação,MG
Cidade_480,-3.025953439700455,-37.04420498416085,4,Saúde,DF
Cidade_481,-25.072426646200718,-47.87010845999755,3,Educação,GO
Cidade_482,-1.8450609026997888,-49.72408491719399,4,Varejo,MG
Cidade_483,4.578838302277724,-37.43802302340427,4,Saúde,PR
Cidade_484,-23.974209638911113,-71.35306766838522,3,Serviços,SE
Cidade_485,-20.56148154124956,-46.739607033570756,1,Varejo,TO
Cidade_486,-17.03158342618616,-35.70036654278671,4,Varejo,MG
Cidade_487,-10.17109639488553,-55.89429510627744,4,Serviços,PA
Cidade_488,-0.44809241523157084,-70.04183981931901,4,Varejo,PE
Cidade_489,0.7851253108573601,-72.35772767185424,1,Saúde,SE
Cidade_490,4.626111105956184,-45.961546241041134,3,Varejo,PE
Cidade_491,-6.017341814065226,-44.703922315035385,2,Alimentação,RN
Cidade_492,-24.95092897676336,-63.38515662712407,3,Serviços,SE
Cidade_493,0.4446877913036431,-56.943966726153235,3,Educação,MT
Cidade_494,-14.137357957621784,-43.18180510693903,4,Varejo,RN
Cidade_495,-23.776819804956304,-58.67926849942826,2,Serviços,ES
Cidade_496,-7.739972335591684,-44.12850094943903,4,Alimentação,RO
Cidade_497,-19.12421934038769,-34.37853906449299,2,Saúde,PE
Cidade_498,-26.545614320954023,-67.03057309462568,2,Saúde,RJ
Cidade_499,-32.196486042191864,-52.243726337774945,2,Varejo,SP
Cidade_500,-21.160382552434292,-42.97337755195337,4,Serviços,PE
Cidade_501,-32.95181420108809,-42.21294855582627,2,Serviços,SE
Cidade_502,-5.432441815215153,-65.71707448379202,1,Serviços,DF
Cidade_503,-23.050959971516672,-47.958093314953345,2,Varejo,MA
Cidade_504,-11.782659052101245,-59.848143236452714,4,Serviços,TO
Cidade_505,-18.099249120436255,-67.40613819020265,4,Varejo,AC
Cidade_506,1.8942352929617527,-73.03289903865878,3,Alimentação,SP
Cidade_507,-24.607413498438774,-47.8432734691594,4,Serviços,AM
Cidade_508,1.4605964445802186,-64.49300063153942,3,Saúde,SC
Cidade_509,-31.675962900330003,-48.73721022004187,4,Serviços,SP
Cidade_510,-32.12190954565961,-35.85809410039862,1,Saúde,TO
Cidade_511,-1.6710806353667742,-43.50726632519627,3,Serviços,MA
Cidade_512,-18.772512870116493,-69.42866427287028,4,Luxo,RS
Cidade_513,-20.766995781888365,-61.55566555780703,4,Serviços,PA
Cidade_514,0.9148206208440612,-63.44334663071736,4,Serviços,AC
Cidade_515,3.2134277223489605,-43.12137050761859,2,Varejo,RR
Cidade_516,4.440201521502367,-46.50941690377837,2,Saúde,AP
Cidade_517,-2.537353864697053,-41.996078445522066,2,Serviços,AC
Cidade_518,0.21678285685874243,-45.32006866996568,2,Educação,MA
Cidade_519,-4.434723235710766,-41.280087180730426,1,Educação,AP
Cidade_520,2.4477281254583687,-40.16089717779832,3,Varejo,RR
Cidade_521,-28.76294929045084,-45.15726998762502,4,Serviços,PA
Cidade_522,-13.363703126672789,-69.7535103956071,4,Luxo,PA
Cidade_523,-14.583368700911603,-67.05622276454957,3,Varejo,RN
Cidade_524,-0.4857367023333623,-62.25318412909729,4,Alimentação,CE
Cidade_525,-12.009741800291831,-39.249779948109364,4,Varejo,PE
Cidade_526,-31.3868519731505,-35.92122448476195,3,Luxo,AP
Cidade_527,-19.541986006037224,-36.09585522414357,4,Luxo,PE
Cidade_528,-0.2268078241072118,-42.23560451168673,2,Educação,RN
Cidade_529,-24.54433088334479,-37.21195370323523,2,Saúde,RR
Cidade_530,-22.81509632614506,-64.5656074040511,2,Alimentação,RO
Cidade_531,-3.72050342342326,-57.80129771223441,1,Serviços,TO
Cidade_532,0.1921119300680374,-61.59550245476898,3,Varejo,RS
Cidade_533,-30.078856242475467,-67.70939396729091,3,Educação,RS
Cidade_534,-1.463498956184992,-58.90318186170831,1,Varejo,AP
Cidade_535,-9.36764129988384,-58.109036366262565,2,Alimentação,AC
Cidade_536,-11.881375005335933,-68.23864652846426,4,Saúde,RO
Cidade_537,-30.791962397070677,-37.24412573050444,1,Alimentação,MS
Cidade_538,-1.208511944532841,-36.1655899294334,1,Luxo,MT
Cidade_539,-1.8286950029564757,-51.9745726702636,3,Educação,BA
Cidade_540,3.330830212408401,-64.32971064274565,4,Serviços,TO
Cidade_541,-20.271732110603665,-69.50937163155743,2,Saúde,MA
Cidade_542,-21.482994231751736,-64.68547664246364,4,Varejo,PE
Cidade_543,-21.704028330377255,-65.0900180138083,2,Alimentação,AP
Cidade_544,-7.2634596017862165,-49.80092377742234,4,Saúde,RO
Cidade_545,-8.150184388800039,-67.01376608643017,2,Alimentação,MS
Cidade_546,-27.809989595719212,-50.7052427837752,1,Educação,DF
Cidade_547,-5.089753692833781,-55.16370844805546,4,Alimentação,MT
Cidade_548,-30.458561253799743,-64.66611034087246,1,Serviços,PE
Cidade_549,4.716786476571272,-36.92802126276605,2,Varejo,AC
Cidade_550,-14.662573850410212,-43.25528269545606,3,Alimentação,MT
Cidade_551,-5.747732996026748,-61.76595558055958,3,Varejo,ES
Cidade_552,3.7593972961350914,-63.734893354400214,2,Varejo,RR
Cidade_553,-0.6507014118911698,-62.53862082957761,3,Varejo,PA
Cidade_554,-18.290169976655974,-43.984978014839285,2,Varejo,RS
Cidade_555,-5.1495141032135265,-66.60202560418219,4,Varejo,AL
Cidade_556,-20.208665382687055,-64.80542213206604,3,Varejo,RO
Cidade_557,-19.107574742923532,-56.584552427326315,3,Serviços,BA
Cidade_558,-18.559004335624046,-39.02602920936306,2,Luxo,ES
Cidade_559,-4.843807151799869,-71.04312628710508,2,Alimentação,BA
Cidade_560,-28.551979543218376,-63.04102256911433,1,Serviços,PA
Cidade_561,-18.02329388702433,-44.23117449415018,4,Varejo,TO
Cidade_562,-26.313082710854403,-70.82070159726162,1,Serviços,RJ
Cidade_563,3.5697516333499735,-39.82086292893136,3,Luxo,MA
Cidade_564,-22.033454587625336,-65.9705157635646,3,Varejo,PA
Cidade_565,-25.45756738588069,-67.039451465144,4,Alimentação,AL
Cidade_566,-12.13502100780796,-36.81676194797622,4,Serviços,MS
Cidade_567,-30.623996218524944,-64.02968563841665,2,Educação,RJ
Cidade_568,-2.554072544626898,-51.24358964272477,1,Luxo,DF
Cidade_569,-22.201754036637013,-73.99231201484606,4,Alimentação,SE
Cidade_570,-27.065474968861416,-56.844280077766136,2,Alimentação,RS
Cidade_571,-15.612834617460585,-52.530395183122856,1,Luxo,PE
Cidade_572,-30.489055946729145,-50.49733183597197,1,Serviços,PR
Cidade_573,-11.90798342417191,-48.738116616611876,2,Luxo,RS
Cidade_574,-13.539561738216424,-42.27897393570797,4,Serviços,GO
Cidade_575,-26.338393752327477,-43.02148733616741,3,Varejo,MS
Cidade_576,-17.707574785472303,-50.863812644197566,1,Educação,SP
Cidade_577,-29.765976296072996,-40.41621493863785,2,Educação,TO
Cidade_578,3.6284061211856127,-39.41452472212315,3,Educação,RR
Cidade_579,2.6997126334886588,-46.118567318680384,1,Serviços,PI
Cidade_580,-10.176059432707468,-63.31134962822394,4,Educação,AM
Cidade_581,-22.189398968869586,-66.07864646848519,1,Serviços,RN
Cidade_582,-13.100803513529499,-39.7299208993192,4,Luxo,TO
Cidade_583,-28.312334247019145,-39.55522285207638,3,Serviços,ES
Cidade_584,-12.638533614943853,-70.79667965347635,1,Serviços,AC
Cidade_585,-14.058132592846462,-36.885963454404134,4,Luxo,ES
Cidade_586,-16.800095139510653,-47.076825337067575,4,Varejo,CE
Cidade_587,-27.646773511201943,-56.87899533695686,4,Saúde,SE
Cidade_588,-18.83257305117389,-35.25203659289853,3,Alimentação,SE
Cidade_589,-31.023879206104823,-72.67057364992826,4,Varejo,RO
Cidade_590,3.079614909359414,-63.90156112206139,1,Luxo,PE
Cidade_591,-28.761614260397874,-50.00845252350485,4,Saúde,PE
Cidade_592,-20.20209136022386,-58.586713659198715,3,Serviços,PB
Cidade_593,-25.464170986441648,-52.07064193367904,4,Serviços,CE
Cidade_594,-17.69125647920292,-72.10832353619604,2,Serviços,SP
Cidade_595,-30.929848013184877,-50.162872254275186,2,Saúde,RJ
Cidade_596,-0.6009251842186387,-52.35432915354666,3,Serviços,GO
Cidade_597,-2.6825992407416273,-36.916992488163785,2,Educação,AL
Cidade_598,4.564417701605883,-48.31618837734574,1,Varejo,MA
Cidade_599,4.6318343794413295,-67.857496617493,2,Serviços,AP
Cidade_600,-25.961474198790985,-50.7200753686231,3,Serviços,RS
